item_number,August,September,October,Total
KE0895,202.86280624983644,209.68681971053266,218.05314229850197,630.602768258871
KE1000,125.8373533235818,104.51852701143942,94.93608193126381,325.291962266285
KE0921,247.24393239335507,248.43275288585141,259.33088701039514,755.0075722896016
KE0015,196.44014069541973,189.168550170863,193.01172662995396,578.6204174962367
KE0224,180.03870864599946,173.96698004293697,185.95813422804923,539.9638229169857
KE0789,239.9833188170289,254.1233851873869,275.1475804116257,769.2542844160415
KE0209,229.22438972588,228.67684402698927,249.4752165103896,707.3764502632589
KE0466,243.15419965035858,259.7740262829708,268.24003464452966,771.168260577859
KE0085,140.8028698215487,143.0845372057142,146.60506266029898,430.49246968756194
KE0853,315.2262182363135,340.16969493646076,378.9608331290598,1034.356746301834
KE0560,216.35693972547324,224.06569081690182,242.50914064466232,682.9317711870374
KE0659,232.81222218965496,235.2978173138657,245.45870726773094,713.5687467712515
KE0858,323.3485329430395,341.24337987284207,365.60812746033224,1030.200040276214
KE0484,145.54997533632647,141.55775525088856,142.23045564131996,429.338186228535
KE0970,229.10639925507408,238.5682679847878,251.22918067466395,718.9038479145258
KE0701,239.58155498096883,247.2181940138024,260.46301124295724,747.2627602377285
KE0601,227.89417552590646,231.1544973792602,249.72047903695002,708.7691519421167
KE0867,125.08660725147304,118.31967656770065,107.33714119806064,350.74342501723436
KE0769,255.71360015665894,278.47149568583035,311.44365257050725,845.6287484129966
KE0341,212.34332816159784,223.16995949001023,232.1648235966127,667.6781112482207
KE0147,188.69258404414578,199.3831202945192,223.8349057097701,611.910610048435
KE0746,108.89446878585106,89.3592915858416,77.1724661300161,275.42622650170875
KE0612,330.2909391042909,361.25306701584043,395.9617469193466,1087.505753039478
KE0464,100.65969027344615,82.36558188701878,83.02349418757015,266.0487663480351
KE0504,257.15472576512155,272.19008404679835,296.63434517306416,825.9791549849841
KE0876,230.47848523855671,241.10520983144104,260.65444676120796,732.2381418312057
KE0934,147.1181577805223,135.41553440095512,136.41766752747418,418.9513597089516
KE0828,52.287243338402604,43.171478095921024,30.604995027184412,126.06371646150804
KE0380,132.30257759949737,126.80755601526194,126.73459529526457,385.8447289100239
KE0790,237.26568381832752,253.6468978734008,274.07865847871045,764.9912401704387
KE0879,217.10742563873038,221.34692880070264,231.014524382102,669.468878821535
KE0660,312.89580039586417,346.499149118891,377.3202364698639,1036.715185984619
KE0243,214.14986602688745,221.76582329143014,228.72179149205374,664.6374808103714
KE0665,85.74479199252127,76.29221944199011,77.40106470176389,239.43807613627527
KE0435,189.53239855993448,182.20297495814862,179.62450762773975,551.3598811458228
KE0120,275.15307721327724,281.4915186460547,315.3847116090241,872.0293074683561
KE0195,188.16720522653594,199.9420411531684,204.18897228040137,592.2982186601057
KE0713,177.58277619620029,185.45831146818904,196.9042420912923,559.9453297556817
KE0911,168.90029668188077,173.61711816365883,177.82575754159862,520.3431723871382
KE0497,128.54923386943682,131.4952437387864,131.8983239094198,391.94280151764303
KE0447,125.5555612721654,111.13453106511045,101.11483233229387,337.80492466956974
KE0060,248.76446313774304,261.21693190239887,288.8914813079489,798.8728763480908
KE0661,215.43944524503095,231.32530103612123,239.79362336712234,686.5583696482745
KE0896,273.82404150123443,286.25425927985805,304.4905877271662,864.5688885082586
KE0351,343.4693353514036,350.45374513976753,382.56704870365854,1076.4901291948295
KE0585,230.98325994796025,238.7075515074329,265.475762390183,735.1665738455761
KE0803,191.27385989363455,206.53207903851796,215.5325298260158,613.3384687581683
KE0645,201.00595779776484,194.1776231425517,195.83523627893373,591.0188172192503
KE0523,111.6686984871959,119.83754114472933,116.42247206097544,347.92871169290066
KE0137,131.21314012584503,127.98480949182937,134.94784522638918,394.1457948440636
KE0165,347.3670268606629,386.85024990640386,433.41600990869404,1167.6332866757607
KE0078,186.93307083659784,185.04789051782174,190.95515357237977,562.9361149267994
KE0287,183.79382326620953,181.09019281611924,184.4034410992546,549.2874571815834
KE0740,203.71954595299016,206.06991156485617,215.4560010297125,625.2454585475589
KE0126,130.98757409046044,131.44679263850415,141.00102628850277,403.4353930174674
KE0011,179.04528917204874,167.9515184746205,175.1180593509847,522.114866997654
KE0662,387.59797700256775,402.7426406515299,440.8427881677579,1231.1834058218556
KE0053,59.47315943091,37.94698544659922,33.858975552743814,131.27912043025304
KE0971,213.4777042971116,211.98711144700178,227.42621929797278,652.8910350420862
KE0065,183.27852036053363,170.16054017753393,179.3098819347054,532.748942472773
KE0062,192.99297028765872,204.66577026040446,216.3319097738656,613.9906503219288
KE0381,305.76516117131183,332.0870400764451,372.67957423711965,1010.5317754848766
KE0193,212.0522895605172,215.61772530998329,210.0065133315809,637.6765282020814
KE0442,200.11225734625322,209.0780659884641,217.05590363681372,626.246226971531
KE0932,161.0032150552309,153.46028358329906,156.1699302753997,470.6334289139296
KE0236,110.24070879978201,93.81790390612213,85.054372043437,289.11298474934114
KE0489,165.3383741560865,164.28032906836322,166.32828164100465,495.9469848654544
KE0419,216.7894279535469,222.63617676931614,238.07874498131324,677.5043497041762
KE0561,235.5423893437284,246.35928811565222,268.5130510050877,750.4147284644682
KE0807,213.42740796069467,226.1309204407278,255.67085955956736,695.2291879609899
KE0171,171.3190837233683,173.21240548835485,183.0777839164462,527.6092731281694
KE0142,206.0049505412684,202.08797208476219,212.19308338724738,620.286006013278
KE0991,183.30918697032814,179.08036076580868,188.98695924191773,551.3765069780545
KE0955,177.9846812799816,186.808257810624,186.45578847103513,551.2487275616407
KE0279,184.03588164914328,193.9913931016637,205.97117413409526,583.9984488849022
KE0676,213.06628249191124,227.01668776938502,244.5623432575424,684.6453135188387
KE0158,144.07517024244544,139.95515641111163,143.96637632938754,427.9967029829446
KE0548,280.6696211476513,281.2759824994491,293.0007612026867,854.9463648497871
KE0854,275.1672001872581,296.9698467937069,314.8497225017862,886.9867694827512
KE0451,274.8757028171682,281.342076868338,298.7769564709024,854.9947361564086
KE0988,85.82867307900229,75.99267538417176,61.87652452022764,223.69787298340168
KE0940,224.1503952591398,233.02010512203526,246.67555684771256,703.8460572288876
KE0984,169.96853105779016,164.7577000285763,164.32108146681145,499.0473125531779
KE0752,171.48494188589953,173.87071745312605,180.67299118013207,526.0286505191576
KE0152,167.13101267170268,174.09317333551166,184.37005655879094,525.5942425660053
KE0302,191.29210881962575,175.85673015528477,194.27964576243573,561.4284847373463
KE0950,255.99030883150155,255.36082205459653,277.8280711124312,789.1792019985293
KE0090,254.29566787160613,264.19104169654537,290.5293781031919,809.0160876713434
KE0108,185.64660828009866,200.7040001762801,214.67761517344334,601.028223629822
KE0869,104.39015567245532,98.02872689713023,99.7363881957315,302.155270765317
KE0453,128.00332368049763,124.31900339960286,116.89149606780411,369.2138231479046
KE0047,225.92371384247963,219.69738582793516,231.11205228500535,676.7331519554201
KE0724,219.7299913586596,231.90465644363957,243.51538341013833,695.1500312124374
KE0321,230.5370825805683,250.67790505027682,265.3734359630571,746.5884235939022
KE0339,97.37386901870676,91.84135420593476,75.73837201200864,264.9535952366502
KE0748,266.0185027512951,285.31115590492476,298.8226591117983,850.1523177680182
KE0593,158.95282041268894,163.522846468096,162.7986499805409,485.2743168613258
KE0799,140.82093948008418,142.55462593587433,144.90024913555354,428.275814551512
KE0505,157.68555486243727,155.11823843796614,157.57205416147218,470.3758474618756
KE0861,347.14987856411534,386.1056681861657,430.5792223335464,1163.8347690838275
KE0340,156.69355484064937,163.27793107389934,149.14056081252588,469.1120467270746
KE0558,148.07557106897477,149.92268624837908,150.40298368598545,448.40124100333924
KE0543,320.9347944585355,342.29788852612324,362.51534786803677,1025.7480308526956
KE0391,208.16574786010673,212.136989969319,222.02435762554086,642.3270954549666
KE0028,305.69107861172927,334.1349736744222,361.4263774371519,1001.2524297233034
KE0308,222.8423211765214,239.59135846254554,254.58558389848227,717.0192635375493
KE0521,195.48529064697894,199.97658800845312,201.21604629262953,596.6779249480617
KE0313,257.95181549905163,274.89927499276286,293.3724207614082,826.2235112532227
KE0212,207.67031096149793,219.19101119890485,232.8218000862438,659.6831222466466
KE0609,232.92260363135065,250.63593472575977,272.40366564015505,755.9622039972655
KE0693,228.74021205376064,234.79187051153775,247.4202458041221,710.9523283694205
KE0678,171.95464088923723,167.28752546354065,177.04010756446615,516.2822739172441
KE0257,246.83662235387845,252.3410351724395,256.2080718267859,755.3857293531039
KE0258,350.2618609697212,374.88025093176594,408.4745613049422,1133.6166732064294
KE0019,163.4870475366723,155.9755127303066,163.2276690880229,482.69022935500186
KE0496,160.6771006049839,166.3194688119704,178.61844547033832,505.61501488729266
KE0533,193.88452678256232,208.87045033131113,223.7529286009218,626.5079057147952
KE0362,257.1357795043939,262.4334890244177,284.0314279419586,803.6006964707701
KE0866,157.65505241943995,167.23570451071447,175.65193865104706,500.54269558120154
KE0414,226.24325048538662,223.74322932417374,236.8331816716922,686.8196614812525
KE0134,145.69164850644785,142.13812677196327,149.5819936465412,437.41176892495236
KE0473,154.21162126453552,156.2650196078497,155.56616099094418,466.04280186332943
KE0901,169.08450513885543,163.25213968301617,172.33964188850268,504.67628671037426
KE0845,261.0574636469892,279.05278674763133,305.08907440632225,845.1993248009428
KE0920,148.08485467863812,129.7116167785587,133.80774637324083,411.6042178304377
KE0634,253.9197136288944,274.9081671584739,299.94743808675014,828.7753188741184
KE0356,202.50102073902727,229.87927514476988,245.514005629066,677.8943015128632
KE0259,272.95106656031385,283.93541794281896,306.9091015037758,863.7955860069086
KE0073,252.43895269076515,268.61662232831816,291.27512316023984,812.3306981793232
KE0220,255.84872332357492,270.3589470057017,286.32600912825814,812.5336794575348
KE0603,237.02421085326748,259.017705113463,274.3994621045423,770.4413780712728
KE0253,291.66949101714556,304.0863731790125,345.0996286192099,940.855492815368
KE0559,338.2319169998952,378.4944708857833,421.00343639509435,1137.7298242807728
KE0649,236.49047137922403,239.38666507308912,256.39923316087027,732.2763696131834
KE0500,421.84547307546296,467.3672005165703,534.2638274751345,1423.4765010671676
KE0524,199.06341547916662,206.42072438136458,223.84949174903034,629.3336316095615
KE0675,223.69609004387092,227.85326099356806,245.3680527760121,696.9174038134511
KE0957,311.0057550213156,338.98725280566174,371.8596983314123,1021.8527061583898
KE0599,81.37510633611477,71.90821273348172,69.1191610562045,222.402480125801
KE0449,273.0108620769471,288.59359502169275,312.7815439285892,874.386001027229
KE0595,194.08587033423206,198.42268678669424,210.1277690412282,602.6363261621545
KE0749,127.19233185772725,121.7255265140848,114.34120734513297,363.25906571694503
KE0217,86.21902259450181,79.06137993491232,71.38236106427897,236.6627635936931
KE0494,316.7396736605417,341.14210574299057,365.7322531294275,1023.6140325329598
KE0086,154.97878731076386,158.6984414413024,159.33427152813408,473.0115002802004
KE0076,260.3217199079229,272.1881160020566,295.7366974392667,828.2465333492462
KE0280,244.02194211135517,266.36840249733416,294.07333720374174,804.4636818124311
KE0610,192.57592679107202,190.03610675016566,200.5275789347306,583.1396124759683
KE0458,171.60489526393695,177.34970126134806,187.29257531960906,536.2471718448941
KE0520,196.6062651298156,193.12756585220762,187.30256970399822,577.0364006860215
KE0475,166.5257886026714,150.29119858509634,150.78343184684806,467.6004190346158
KE0128,286.1834800677532,310.95320917468825,338.1030716722921,935.2397609147336
KE0829,316.9975485175389,338.34110409764105,364.5082421833982,1019.8468947985782
KE0958,272.8203546112834,293.2038199072842,317.4245575701514,883.448732088719
KE0244,279.34264128735754,294.2399941404866,325.6320787557085,899.2147141835526
KE0619,324.8644678460071,342.04305625986206,376.09036345965916,1042.9978875655283
KE0929,127.5460752676669,114.08473545678902,119.56649844771391,361.1973091721698
KE0791,189.05570918229435,189.80404814294238,193.2784247630615,572.1381820882982
KE0183,215.1239697541391,227.0222154620173,234.03405017900437,676.1802353951607
KE0874,179.49844259826463,177.9746104522733,184.24837812087006,541.721431171408
KE0627,281.26657108556003,295.7063507009237,321.97496104645006,898.9478828329338
KE0778,164.5615919558547,137.3180752932739,148.06244444330545,449.9421116924341
KE0542,237.68208513106796,232.71696644468003,239.69083137238857,710.0898829481366
KE0844,301.6401020008531,336.17664575889074,366.7570654181526,1004.5738131778965
KE0334,223.51241473073077,228.30920487687212,249.6063482180722,701.4279678256751
KE0231,188.89619055276836,191.05090272283496,196.26756672884238,576.2146600044457
KE0221,186.64594432434308,187.0855028203671,206.8173431336887,580.5487902783989
KE0556,214.16649245017265,200.90090373817773,185.7683768674329,600.8357730557832
KE0410,197.32983765041416,205.4881928193695,207.72237254999538,610.540403019779
KE0880,153.7850743249533,145.58476927767748,144.06228255270733,443.4321261553381
KE0760,230.5445526678344,250.6145853616399,259.6186611897232,740.7777992191975
KE0214,101.25306424635973,89.63698284667807,82.56275605817167,273.4528031512095
KE0759,149.37567454589052,151.59721311300262,147.50992575593298,448.48281341482607
KE0718,278.33761786019465,289.4270325289775,309.51383681354446,877.2784872027166
KE0202,149.14330913820635,147.31606510513464,151.36915697770914,447.8285312210502
KE0446,204.30100761463464,213.1600224439151,232.65390535043832,650.114935408988
KE0412,128.8724408506866,129.80589282836928,131.46155504287688,390.1398887219327
KE0956,175.61048335246377,173.4956936024052,180.4873828925457,529.5935598474147
KE0962,183.47918159876772,174.05166248331986,164.50431430056693,522.0351583826546
KE0114,265.24757592225205,280.4956770792426,305.1392791649622,850.8825321664568
KE0793,161.5177610498581,146.88869290283682,142.00807066576476,450.4145246184597
KE0121,396.55557076231713,443.18676916922044,494.8933454136171,1334.6356853451548
KE0472,252.41323738894488,266.28132557058944,286.32999033582917,805.0245532953635
KE0913,147.83247469704665,153.53453301589735,155.26871962255166,456.63572733549563
KE0833,296.1432230838917,327.20038578064447,361.87710224697196,985.2207111115082
KE0824,196.24656580210404,196.47189850595797,203.8595226259754,596.5779869340374
KE0084,279.0445631097091,283.9329869184507,294.6169374177943,857.5944874459542
KE0714,307.2697645884504,331.6755491360652,349.6203179126942,988.5656316372098
KE0075,135.55443663951948,127.53859436231542,115.83650360447483,378.92953460630974
KE0847,282.6077709004704,286.1004740072714,308.3998287850387,877.1080736927805
KE0781,323.02647466663603,351.9171229827064,375.7865938441799,1050.7301914935224
KE0715,268.55394883698517,291.3526047170537,328.9641654961518,888.8707190501907
KE0242,293.0440610443653,305.7718406435065,321.8253838596525,920.6412855475244
KE0674,231.77650292816034,242.98401764561797,250.07254402471213,724.8330645984904
KE0528,229.58039454799942,240.25747960254398,251.68015672221955,721.5180308727629
KE0016,297.37183096994363,309.4974816489355,327.7660471858671,934.6353598047463
KE0167,204.660530512708,202.79501605142627,218.76344649109404,626.2189930552283
KE0977,206.66679843239297,220.57786082350202,239.9914469016861,667.236106157581
KE0863,128.75496329644528,123.71378037900843,126.47096278403752,378.9397064594912
KE0795,199.56238127260414,190.16199981300906,194.23448318563274,583.958864271246
KE0139,243.69874939163012,263.4788328291114,289.55299314146333,796.730575362205
KE0305,214.23129335790816,222.5808934368377,228.67040517392704,665.4825919686729
KE0463,233.77203945269932,246.48686852231444,264.85404651648577,745.1129544914995
KE0546,104.57795742957393,88.20157992729455,75.17948129809879,267.9590186549673
KE0429,210.31105590797557,225.47843165257564,226.58492769260297,662.3744152531542
KE0133,265.0296976624508,276.377868482718,299.5972637259567,841.0048298711256
KE0146,461.78524009094855,514.0457198440935,574.0722418072847,1549.903201742327
KE0705,188.50527034965282,177.85294867550007,180.95705350202746,547.3152725271804
KE0402,150.9321639237732,148.80865904978236,149.55473807298642,449.295561046542
KE0197,221.12966625692562,228.67348009484914,238.21396207832652,688.0171084301013
KE0021,160.31856186256064,162.86614647048356,171.4580430074947,494.6427513405389
KE0517,198.80016751438583,200.79452508956567,195.58258160706126,595.1772742110128
KE0625,202.95421085886386,213.47175806171165,224.42848868159336,640.8544576021688
KE0162,152.41584498141287,141.45155237601762,146.57896201999748,440.44635937742794
KE0477,181.38541793187508,179.9686628755299,190.32989361276702,551.683974420172
KE0589,270.730617815303,289.48024769473767,311.244327855084,871.4551933651246
KE0669,420.0125088097961,463.3004378948424,512.9825078030848,1396.2954545077232
KE0388,179.3325641109197,191.06358301632477,207.26253968634126,577.6586868135857
KE0335,124.79417515643934,108.88670198123798,108.1874973820611,341.86837451973844
KE0151,180.77632867688433,183.67281275036316,188.54052636345486,552.9896677907024
KE0290,309.4055757815173,312.5378316310397,336.3887688885378,958.3321763010948
KE0647,215.4237685078059,215.12489023003226,223.7713271576148,654.319985895453
KE0805,241.1790050861093,253.10671416987464,261.9794347626577,756.2651540186416
KE0173,327.85466246869186,349.75019473663235,384.10536989932297,1061.7102271046472
KE0547,127.780934075143,111.64715101524243,113.01689947156903,352.44498456195447
KE0480,261.6932481893673,278.0250945790757,297.7346289439919,837.4529717124349
KE0808,201.30160149341654,198.73327711907137,218.76103099856041,618.7959096110483
KE0433,255.0368935910752,257.7998958978598,283.66796041235267,796.5047499012876
KE0048,191.750744454913,199.86572294169295,211.41696341355845,603.0334308101644
KE0633,111.39769732470057,105.51549361588027,104.9839894911163,321.89718043169717
KE0985,165.02437117836416,162.06457395816327,163.76310214423626,490.85204728076366
KE0478,214.17595990889947,224.96866617671105,240.7930143077239,679.9376403933344
KE0948,170.11444949711603,169.33017222658123,169.439796830997,508.88441855469426
KE0303,240.25625726633092,258.4123445276542,287.7377949954038,786.406396789389
KE0346,325.4721168840124,350.94999882686506,363.2547151923883,1039.676830903266
KE0756,244.44857850175273,251.8973492274041,260.58120880059096,756.9271365297478
KE0190,276.96596453356426,290.206727094231,312.4772096825878,879.649901310383
KE0406,88.83107679447154,86.3510546963413,57.48441760548833,232.66654909630114
KE0978,129.5926272380047,121.08953168458675,111.20197037006653,361.884129292658
KE0154,273.5059512579612,295.84307211927876,323.38456911251734,892.7335924897573
KE0832,216.5905085245487,227.77706900741032,243.8365715210911,688.2041490530501
KE0623,211.0051437924354,230.59121386290738,246.6104426107529,688.2068002660957
KE0023,155.30218074667917,155.5453662222678,155.08901853598653,465.93656550493347
KE0057,255.5400627959028,276.0069593637277,298.9271238463853,830.4741460060159
KE0707,205.47016739667689,205.17794358125616,199.22578072928894,609.8738917072219
KE0820,140.96791022803112,102.26014333531975,101.64802015383992,344.8760737171908
KE0194,202.33974874493137,193.6642189475498,209.65069018383608,605.6546578763173
KE0405,235.66005532960574,237.42748400270128,256.16244130682225,729.2499806391293
KE0618,259.374593660645,278.6817106106146,299.132016879879,837.1883211511386
KE0229,331.9659607481816,365.8261520650665,405.4900227025644,1103.2821355158126
KE0288,284.43356695018707,303.84757785529246,329.19497929986034,917.4761241053397
KE0827,258.5162460561027,260.4142081768326,268.57723155366506,787.5076857866004
KE0868,124.42493026622353,115.09911508247042,118.84327151587523,358.3673168645692
KE0696,153.96869574257562,152.9051360336715,158.67497794362396,465.5488097198711
KE0227,175.43898459899597,166.7292931305813,176.87236766235026,519.0406453919276
KE0745,197.26484444115445,198.94731444302494,204.55522216657513,600.7673810507546
KE0515,177.29338386760367,173.0499567686897,176.31373796769248,526.6570786039858
KE0592,149.19750566559472,153.00316469554159,162.69372724608817,464.8943976072245
KE0862,220.08218166854337,225.75070017622062,230.0967958346454,675.9296776794093
KE0188,189.65725739628047,192.13556649502036,194.9027602573618,576.6955841486626
KE0172,251.54269598368847,258.6176087640356,288.99031460769305,799.1506193554171
KE0531,215.4353317489138,210.1589545703559,214.376734959218,639.9710212784877
KE0818,335.51984066138334,360.7873878272633,379.5726834693633,1075.8799119580099
KE0040,328.8881603477701,352.2652431992617,398.7284000900168,1079.8818036370485
KE0563,253.26548670448705,276.22763532548345,299.305225459933,828.7983474899034
KE0550,249.3920544931533,256.3819972080362,271.05316924987613,776.8272209510656
KE0155,366.47304146885944,400.30223229367715,450.2518499968317,1217.0271237593684
KE0507,145.3999217691176,145.48242538007145,144.50606100057493,435.388408149764
KE0363,255.63182365850665,259.01803900336563,267.115172595568,781.7650352574403
KE0046,175.72264975679997,176.22681455147347,186.5020672425566,538.45153155083
KE0681,131.91834399621143,124.90684335967414,113.79237319530084,370.61756055118644
KE0042,286.6191697765576,307.68091954000545,343.4686029934287,937.7686923099918
KE0032,233.7769897283401,234.55051262148336,257.499673914911,725.8271762647345
KE0210,218.34068329551712,238.3943848984057,242.4797210970851,699.214789291008
KE0068,121.81487746781761,116.39209000838592,119.25205587795942,357.459023354163
KE0761,189.28814082277333,205.6475939812796,220.61623323762774,615.5519680416807
KE0886,223.1683042266356,219.25147025266043,231.82768328618744,674.2474577654834
KE0719,228.11612059269328,230.34630924407352,236.663323062273,695.1257528990398
KE0815,144.72619763267483,145.8448260705495,154.71253833771533,445.28356204093967
KE0063,244.5228695729845,263.1412429362115,281.3123963343907,788.9765088435868
KE0947,236.84492500601962,247.96238866632714,261.4254080044149,746.2327216767617
KE0899,310.3569573803004,330.7845497099659,366.8208421887676,1007.9623492790338
KE0166,186.27865742367374,185.88740322636184,187.63218712325695,559.7982477732925
KE0776,171.76656193349223,164.64926543828014,167.57341318040687,503.98924055217924
KE0328,284.73789477185585,295.4920906570968,326.44718849821913,906.6771739271718
KE0487,193.0930147494796,195.15237083051002,196.39869645187227,584.6440820318619
KE0656,372.755479764129,416.22722531942304,455.6529733877201,1244.635678471272
KE0768,186.78891109974495,190.20980348608163,193.76842939187074,570.7671439776973
KE0498,196.5735532344635,200.27539006861602,204.96199277309364,601.8109360761732
KE0315,274.6315986446683,286.40325120909955,319.02314511911766,880.0579949728855
KE0939,209.43148173270524,223.83335994536392,227.85157177694344,661.1164134550127
KE0208,124.861590855236,124.21696467522888,122.21657712985753,371.2951326603224
KE0614,157.28254142628444,154.33903504757757,161.82350243958467,473.44507891344665
KE0401,182.77319495946878,185.47749622369676,192.50379143901878,560.7544826221844
KE0286,214.56919892843163,219.0775215923393,237.47996555171886,671.1266860724897
KE0490,247.70222183112233,243.7369660026104,263.96892457864516,755.4081124123779
KE0239,218.29086073838923,217.02124033895174,226.79643666377282,662.1085377411138
KE0141,224.9209927228363,234.63457100084753,257.3249006923751,716.8804644160589
KE0012,180.8479214264552,182.12378594225603,181.22244169327,544.1941490619813
KE0596,174.57646181255922,183.37686346803204,191.9109492255583,549.8642745061495
KE0298,152.83371800694124,147.60104378829175,143.9827748906423,444.4175366858753
KE0729,209.8745564837448,217.61305281843295,233.16439796319813,660.6520072653759
KE0175,230.26563696044755,233.68605933410706,245.9430176217371,709.8947139162917
KE0427,163.54198095004878,161.355892954382,168.08610689940673,492.9839808038375
KE0247,185.44974707482976,174.7544816820457,171.58176811695444,531.7859968738298
KE0204,330.94547491090697,350.5919497082505,395.8971518499232,1077.4345764690806
KE0352,383.9506471313628,405.54678200691023,450.9443843704329,1240.4418135087058
KE0540,254.07614435752646,267.55271534160147,284.9409347337586,806.5697944328865
KE0617,271.63365609340104,286.32692007949623,309.1331741007711,867.0937502736683
KE0191,425.54567307550076,466.3074216042103,512.0984200482008,1403.9515147279117
KE0002,166.14955761455425,164.72798475921553,174.493288236955,505.37083061072474
KE0179,186.94158731499522,179.38860042749948,200.08871302131163,566.4189007638063
KE0150,235.54707864993205,247.87024870254325,278.919128246312,762.3364555987873
KE0812,218.05766025081272,232.02641339912114,241.45350020790661,691.5375738578405
KE0017,291.44872812260536,308.5279632924711,324.8839547151508,924.8606461302272
KE0917,188.7653447875238,195.19462112001943,203.68222872086133,587.6421946284046
KE0786,295.4851363054501,321.1059268641472,338.2597938331196,954.8508570027169
KE0590,236.64850605518606,250.4232341831743,274.0514243630883,761.1231646014487
KE0908,187.4840893450431,183.3376657127794,194.52833690931624,565.3500919671387
KE0044,243.53783142723728,256.78180824558024,280.46875714826297,780.7883968210805
KE0804,158.55403718343624,158.8996085889856,171.71108936575953,489.1647351381814
KE0562,258.1943978317937,272.54092169948854,297.2914240908159,828.0267436220981
KE0097,275.0838522587449,298.9740481845362,329.099337701194,903.1572381444751
KE0725,154.6629790293237,167.99217639825864,165.84341555174632,488.4985709793287
KE0965,180.3355527075573,189.17921525674743,191.8892290419266,561.4039970062313
KE0912,247.79929033593555,253.83419372034678,269.55626423959615,771.1897482958784
KE0359,163.17021150929787,152.76349412421735,158.8515851708686,474.7852908043838
KE0394,304.3575103677622,311.39588729812334,337.46382726151796,953.2172249274035
KE0452,325.1824844853043,345.67966332529863,367.2341241776385,1038.0962719882414
KE0425,246.16249120909072,257.800403183158,281.2130212734307,785.1759156656794
KE0580,195.94518192721713,197.29782882645114,201.9337951892704,595.1768059429387
KE0743,259.3201488241187,278.53410855280856,297.4598981078974,835.3141554848247
KE0885,297.97892863080324,327.8258300749622,345.6880971270969,971.4928558328622
KE0871,224.3173791649024,230.05056075950196,241.2087295001502,695.5766694245546
KE0539,159.23804960506226,154.3630779521269,159.53582816837493,473.1369557255641
KE0161,202.3997297445728,213.13110011384097,223.14986528462384,638.6806951430376
KE0143,279.1638185629723,293.02523007076167,309.38044280724864,881.5694914409827
KE0218,354.7918211708009,392.1143063405915,431.09032019191534,1177.9964477033077
KE0399,219.82092738548,229.81153079274156,250.06685545024283,699.6993136284643
KE0640,263.59120791863364,264.8899608988215,284.3032438819216,812.7844126993768
KE0450,218.3740603368111,229.3419010665671,257.1128058962009,704.8287672995791
KE0887,304.7333173096488,328.0972743815389,353.92073330158536,986.7513249927731
KE0695,278.30451760851355,288.50326704840353,305.9756523515731,872.7834370084902
KE0091,211.6930710080329,220.69997337049327,242.9130569842845,675.3061013628106
KE0982,215.3713842626023,224.81539317849197,239.5086119180135,679.6953893591077
KE0747,202.17867831524532,212.5678804217288,217.8381552152036,632.5847139521777
KE0974,224.53064535575558,232.5841463654319,252.77402972194443,709.888821443132
KE0492,220.57676125779764,229.47877302071285,250.46847947650883,700.5240137550193
KE0835,196.47526321949448,212.85649904423673,230.84461278341612,640.1763750471473
KE0668,221.6015951258819,216.93710322946217,228.08697893472896,666.6256772900731
KE0644,140.56239711838188,113.54819607110193,117.50270804392422,371.61330123340804
KE0996,173.27130630659286,174.1641987535134,179.42755092638703,526.8630559864932
KE0294,166.3425656237912,162.61696641568506,171.5719839945482,500.53151603402443
KE0989,214.2267274077005,226.7954132549214,238.33332802040906,679.355468683031
KE0810,261.37966923988415,274.05341005724114,300.4724547344743,835.9055340315995
KE0851,160.63730017045148,171.88605576518773,181.02312155502023,513.5464774906594
KE0809,268.2015431969283,284.38005580271357,311.5585627844019,864.1401617840438
KE0783,229.58300668794746,228.513759270968,247.09406357745004,705.1908295363655
KE0699,270.2188756947701,293.4280404175853,314.4148240609439,878.0617401732993
KE0796,182.00582525718366,183.97688194956459,195.39592909990552,561.3786363066538
KE0007,153.01505916395215,155.8023506528679,161.3927423381765,470.21015215499654
KE0055,204.47444079572432,214.30212113130813,234.21895846665674,652.9955203936892
KE0849,162.56285731901477,169.52825722275554,179.7314350624262,511.8225496041965
KE0428,315.7259919582477,325.33149871782865,353.1633801298867,994.220870805963
KE0059,248.31289510481565,276.0011147051296,303.302760863281,827.6167706732263
KE0476,242.1103141843336,272.4824042997336,293.4086060558641,808.0013245399313
KE0278,226.0633926314162,232.31185134315047,238.9757293868645,697.3509733614312
KE0904,308.7800305013189,330.1087577460094,370.04306569407134,1008.9318539413996
KE0235,212.11314081644414,220.20102311178766,228.99755706912563,661.3117209973574
KE0727,251.16480263489697,259.38983920508963,286.3060221333449,796.8606639733316
KE0327,204.77927250153553,214.35282008036847,230.51635308454104,649.648445666445
KE0219,75.97943655821436,60.12228022533693,60.875151602126344,196.97686838567765
KE0349,291.3426482269317,295.92408125409656,314.6102362552662,901.8769657362946
KE0813,281.31393215799204,284.5840354070246,308.944204239731,874.8421718047476
KE0630,243.70554836726353,270.9848301459068,294.45331962650505,809.1436981396754
KE0576,115.58639233914963,114.01659518540963,117.5510532762042,347.1540408007634
KE0213,208.20435580463715,217.11679389636026,226.9058787847592,652.2270284857566
KE0852,239.43165941427037,253.54788413617425,276.47042649804996,769.4499700484946
KE0248,167.93272777339504,172.3757585335167,172.36121691404176,512.6697032209535
KE0726,213.4843352878216,212.5630645558297,217.4326125656447,643.480012409296
KE0228,141.3151656834489,143.98930972671582,135.61281011209326,420.917285522258
KE0501,164.2695911400824,160.75835350251702,166.24148943856426,491.2694340811637
KE0710,135.8827586215928,130.4612622987264,127.65475014103754,393.99877106135676
KE0198,150.51666094203674,146.00194851007663,147.86729315328608,444.38590260539945
KE0178,165.69820309881257,158.26630604875197,171.30036759318034,495.26487674074485
KE0997,125.53873704459824,115.19478630139774,110.70403252051115,351.4375558665071
KE0256,155.52190512552346,162.75214654723192,169.92460717056667,488.19865884332205
KE0702,329.9823141745106,375.0818085332876,419.28910362116756,1124.3532263289658
KE0495,277.96584213833154,294.7419396377933,317.61959810806405,890.327379884189
KE0938,296.0920801536581,325.80271820920416,364.7011078758755,986.5959062387378
KE0639,143.20686300071995,144.7001779386027,147.52471635563947,435.43175729496215
KE0516,208.49283579031223,214.73534394467572,226.330195177024,649.5583749120119
KE0468,213.62527716527217,214.64649736034977,229.4847984763021,657.756573001924
KE0056,183.5425400713745,183.92652056576475,175.6169626137864,543.0860232509257
KE0199,206.53734505871094,210.6288925295565,212.49860596631726,629.6648435545846
KE0772,281.4699271726651,297.27488218886265,316.5629087110655,895.3077180725934
KE0910,211.74577174205146,218.31842880908079,234.1947475479563,664.2589480990885
KE0797,301.52644094038953,322.01012236284976,349.76568072557177,973.3022440288111
KE0839,240.67448281549775,254.13664275565841,272.9474132534862,767.7585388246423
KE0009,194.5662694001764,205.03047268431146,216.90310129056235,616.4998433750502
KE0292,191.3833101298192,195.01743758152804,195.35530292428143,581.7560506356286
KE0983,239.6492489629125,257.73608820804446,268.5252875816751,765.9106247526321
KE0039,186.9835483367254,192.82694591350622,209.79084115330028,589.601335403532
KE0102,223.64234647639452,225.09344299096355,234.23726781831564,682.9730572856737
KE0859,183.278365191066,183.07914535928074,195.24043012210595,561.5979406724528
KE0004,264.8093037141951,276.2863864193287,291.9856815115619,833.0813716450857
KE0703,193.85614372122208,198.3962638969587,207.6475585440287,599.8999661622095
KE0061,279.3633906441664,304.0032118539758,328.1260758627417,911.4926783608838
KE0935,263.8123565195963,272.98037033801114,301.71955264908127,838.5122795066887
KE0632,158.58556842113583,160.8913245591164,161.60802024053265,481.0849132207849
KE0721,259.75953156005113,266.6193147456572,283.2513065170798,809.6301528227881
KE0502,288.71885960691594,308.2422618695535,332.6174039837412,929.5785254602106
KE0329,143.9291047800051,135.46165825192503,135.33107897830237,414.72184201023254
KE0331,158.04413059884234,160.20444115094588,162.35533966371014,480.60391141349834
KE0105,179.11762665600136,186.21094633171322,185.80767849116995,551.1362514788846
KE0117,300.2921622151413,327.9635955029861,362.9548580492105,991.2106157673379
KE0554,216.53471659994779,228.2060074221071,244.16809414007255,688.9088181621274
KE0436,144.9463218129025,137.46085772454808,143.06624344318365,425.47342298063427
KE0232,245.7992392576273,256.5322015348435,285.1398589284995,787.4712997209704
KE0883,222.78660130764086,239.46732401531878,265.2097271676854,727.463652490645
KE0018,144.4951875519999,151.04695656009775,157.8882578506152,453.43040196271284
KE0573,175.774259894146,177.2454423170316,191.12864796531045,544.1483501764881
KE0069,115.87550519453835,115.80600922901657,122.81608960582125,354.49760402937613
KE0519,235.2622577598613,219.48179661447725,229.4685423294651,684.2125967038037
KE0897,215.42267243304715,219.99369471179622,221.03446640594245,656.4508335507858
KE0132,189.06492043506938,193.8252938764662,203.91094899769158,586.8011633092271
KE0527,161.59016752505985,152.6894717190433,165.0236970427829,479.30333628688606
KE0817,191.63019518960505,189.1788221965194,206.82610468649543,587.6351220726199
KE0651,205.54696004838036,208.77550858751346,204.86499667513235,619.1874653110261
KE0902,198.90277898596298,188.6160077785703,201.63636028759012,589.1551470521234
KE0041,236.31033440017706,249.11397723965214,271.11440174189113,756.5387133817203
KE0130,211.2973665606581,221.71854076692244,229.7371355359222,662.7530428635027
KE0385,212.63329922982768,216.28754505244092,239.08444984530175,668.0052941275703
KE0067,147.18646217044554,146.0496657544675,147.35485976666553,440.59098769157856
KE0575,253.0475371398976,265.0376376154113,272.1193772355325,790.2045519908414
KE0479,281.2955095554382,300.6443789226559,327.23808054129216,909.1779690193862
KE0438,255.37968839002065,260.5908279244375,281.0421093100901,797.0126256245483
KE0325,186.94709559146014,195.77509750396726,203.68898495992377,586.4111780553512
KE0831,158.42288818251495,150.4439425350368,139.3654918993195,448.2323226168712
KE0148,234.7640300404058,241.4919280515023,260.89524725025933,737.1512053421675
KE0966,157.37458989476326,156.0004534374341,158.27122906660455,471.6462723988019
KE0131,140.70845389613112,136.0056596224192,137.4055828312501,414.1196963498004
KE0440,103.30859400948148,76.08013907510848,66.80161471953606,246.19034780412602
KE0914,272.16224667669616,282.7304807850345,298.04654837432236,852.939275836053
KE0101,245.08172779677,254.13565439232414,268.0774937910337,767.2948759801278
KE0344,157.86761109703113,165.0391010999706,165.55127574331306,488.4579879403148
KE0317,282.52913692966473,304.36463948648844,334.53607424170895,921.4298506578621
KE0694,305.2383683123286,310.1296169293615,349.99883279208103,965.3668180337711
KE0353,184.09259681448768,174.4511501872028,180.76399411011346,539.3077411118039
KE0058,214.895357318406,215.61415565920947,234.1801528451866,664.6896658228021
KE0753,151.45516062331694,140.22048031037718,138.88578107875335,430.56142201244745
KE0888,210.42004551196987,227.20415060225636,245.97713847395238,683.6013345881786
KE0124,160.2513848046903,160.9961048428243,169.57244547318106,490.8199351206957
KE0291,199.5841770987765,204.9601708488847,219.71599997979388,624.2603479274551
KE0568,202.75012610816202,192.39483824819624,199.43003392005778,594.5749982764161
KE0077,239.39553372783988,253.56926202590446,274.9483095454756,767.91310529922
KE0998,141.8224308201005,133.69720634139696,132.4747889682199,407.9944261297174
KE0332,165.2484853081315,165.42881318107368,174.12330091147024,504.8005994006754
KE0439,195.7271125696056,200.6358494491112,209.27078461121638,605.6337466299332
KE0840,286.6061820654237,325.01977602825633,346.7002256966945,958.3261837903746
KE0299,241.5959304155935,256.07127412564756,282.75486808299144,780.4220726242324
KE0987,298.3034080006196,321.4130763647411,342.1083468508218,961.8248312161825
KE0008,148.46920742531293,146.8688002760256,151.21360509868862,446.55161280002716
KE0927,337.7773738638665,367.96930301720573,405.43051017537056,1111.1771870564428
KE0882,146.09779893255575,145.77848581041678,155.65356389194014,447.5298486349127
KE0122,220.86380199153314,226.5215790802641,247.51891698662203,694.9042980584193
KE0578,182.8728295012954,180.84290042692578,177.62715976497262,541.3428896931938
KE0652,116.0875127139849,109.78466151371663,106.41128190490109,332.2834561326026
KE0975,269.6873503064786,282.8119232606841,307.4994773675309,859.9987509346936
KE0622,284.28296458203323,316.54586828978967,345.70560293186804,946.5344358036909
KE0361,174.3374805818947,171.6259952956485,175.32364495884153,521.2871208363847
KE0758,172.39281486066477,187.48323968907266,195.79417413683066,555.6702286865681
KE0169,236.18770274776904,241.60336963664315,252.12130827410542,729.9123806585176
KE0673,278.222018647535,289.64968393243623,308.8761383282766,876.7478409082479
KE0486,208.51146471781144,210.1058247748433,224.27491682194946,642.8922063146042
KE0782,229.33823493256273,233.62733459730256,253.25223279001136,716.2178023198767
KE0284,180.60215756218903,180.488479209852,181.50013868862152,542.5907754606626
KE0608,196.95705947428797,207.7510923697296,221.42453992496618,626.1326917689838
KE0471,250.47748325616436,250.8371239982644,263.35136033332356,764.6659675877523
KE0976,317.186927126318,339.228299687344,369.319719336272,1025.7349461499339
KE0110,208.2912176501359,216.76271181852272,231.51310139757544,656.5670308662341
KE0946,156.39959657550162,154.9042414068856,156.1622079910592,467.4660459734464
KE0277,241.11374948153795,251.24604043265978,267.07616788125165,759.4359577954494
KE0698,280.5923756968841,304.5625039831886,330.2807222593353,915.4356019394081
KE0266,189.0666289749386,200.48977107291557,204.20816063767904,593.7645606855332
KE0470,199.1010606193965,199.4440412388604,210.02268140904147,608.5677832672984
KE0138,173.5238532254407,174.97840029939553,177.36023316002246,525.8624866848586
KE0598,120.97333483853824,121.49271181862358,106.00510229428686,348.4711489514487
KE0666,213.33864531169274,217.79072294209627,230.18269032447657,661.3120585782656
KE0397,212.1809098051791,216.293002187396,219.19953062056797,647.6734426131432
KE0336,245.8422883395391,263.8201690410098,281.4675416671713,791.1299990477203
KE0730,173.27602234971607,165.84432391163787,179.754910004715,518.8752562660688
KE0848,207.76654438219907,217.78121752694435,225.69488339939437,651.2426453085378
KE0646,317.9913053997341,348.21423774771176,378.27513575310576,1044.4806789005515
KE0035,392.0985545267549,440.9436260440233,499.753221968895,1332.7954025396732
KE0792,208.66532761997803,220.82453347582617,233.94328032509998,663.4331414209041
KE0821,190.63642880914986,201.4056760980587,201.94627043851852,593.988375345727
KE0095,137.56810042119452,133.85409280533537,127.7468211733477,399.1690143998776
KE0354,188.0804625901103,189.66895720023572,194.76033025991467,572.5097500502607
KE0338,223.34092096581787,237.79373059065858,247.7831296428906,708.917781199367
KE0613,209.93584231545225,201.76118713036598,205.35521907727943,617.0522485230977
KE0823,195.5031539010728,207.053705562547,197.4056811556982,599.962540619318
KE0382,159.03992624809422,155.93054756863464,164.15679742293855,479.1272712396674
KE0664,157.96576526655738,162.3271365717384,164.03125040750524,484.32415224580103
KE0357,355.80790293084965,384.3463825524713,428.338510651406,1168.492796134727
KE0770,268.3345788455564,274.7243395506018,281.93998701408435,824.9989054102425
KE0951,214.25078798821062,223.96501985447554,248.42864301541087,686.644450858097
KE0924,153.67681222285262,150.208871161572,155.38724807532782,459.27293145975244
KE0679,202.42121636910088,193.4174099380888,200.20913561501516,596.0477619222048
KE0109,289.91674256471606,307.70210157925135,341.64825873529963,939.267102879267
KE0822,273.49719760970396,286.51513158681587,311.93945813693927,871.9517873334592
KE0999,398.550480082005,443.40044352794513,498.34634603647794,1340.297269646428
KE0350,272.7471749252538,300.26210403419356,321.8431833394482,894.8524622988955
KE0252,209.49055251299043,226.4804382308772,243.55542695351932,679.5264176973869
KE0767,193.62622713745174,198.15464579632155,212.89824966710637,604.6791226008796
KE0443,162.59132083346051,168.04493161403505,168.2251082008292,498.86136064832476
KE0945,198.53421600367588,188.9920795078995,190.46017452330597,577.9864700348813
KE0081,146.17898089148775,149.19311006553633,151.06980843609512,446.4418993931192
KE0636,161.36621343014744,173.3858080519607,170.78434348866654,505.5363649707747
KE0174,250.33305783747556,275.0882413094299,306.5060247807715,831.927323927677
KE0690,333.0439369478763,359.5410624594432,381.53337118038246,1074.118370587702
KE0460,187.57044749131381,183.96244953096033,195.97515436625696,567.5080513885312
KE0149,204.75192562824668,207.21239946912834,212.93624545843178,624.9005705558068
KE0223,79.57688612663372,65.0318668116071,63.17281570562601,207.78156864386682
KE0216,193.4356246844694,200.14499400039642,191.31600196951973,584.8966206543855
KE0037,239.88186956349597,273.49608286908085,302.97569555409746,816.3536479866743
KE0445,169.3169481507124,176.14570041940348,176.80834693349595,522.2709955036119
KE0754,206.24791731515577,204.34704157224036,220.03695378564413,630.6319126730402
KE0785,299.1094020832582,326.64717567406655,352.1900587760858,977.9466365334106
KE0054,279.28262489302006,299.89863084034454,330.1364143639708,909.3176700973354
KE0949,174.3967616047681,179.91296867481594,182.1237654668496,536.4334957464337
KE0564,281.730118156668,304.4409209898088,326.19659846704275,912.3676376135195
KE0465,305.910199116142,335.60746997730183,357.7040093096891,999.221678403133
KE0925,237.2668976516804,253.69717409096387,265.1767369297467,756.1408086723909
KE0814,156.68654648890993,144.9210765167778,145.87409622221787,447.4817192279056
KE0180,273.4872409235331,297.0645943034679,329.48724298827716,900.0390782152781
KE0103,185.08628140571074,194.17907203517586,192.97486439079591,572.2402178316825
KE0170,284.88312813961545,310.82040179123067,347.4351391243353,943.1386690551815
KE0372,164.8303187033224,147.2781848219408,136.60863640561433,448.7171399308776
KE0555,197.85543448028437,203.4883992119627,208.23633624883868,609.5801699410857
KE0106,223.02640498566393,219.97851826809028,225.25824086049624,668.2631641142505
KE0271,325.02015268026065,347.37866897330895,393.5299309655632,1065.9287526191329
KE0941,402.81374192203987,447.03916192314665,494.13879768668335,1343.99170153187
KE0027,198.05273668492606,209.26029160318464,225.5776164032054,632.8906446913161
KE0973,129.2529000075835,131.4158221173875,117.88393629685653,378.5526584218275
KE0079,245.35147497850465,261.8012320821338,280.1585898190647,787.3112968797031
KE0082,240.79502543784642,249.6549436356817,265.88471202802805,756.3346811015562
KE0535,162.84193366909014,160.07466708121765,167.1221469145176,490.0387476648254
KE0658,197.64141703730326,194.48941862405448,201.52829434055144,593.6591300019093
KE0430,144.5863285229842,131.6668836744819,123.31463511768622,399.56784731515233
KE0571,179.90513161451605,183.48331376879952,191.11945079942726,554.5078961827428
KE0843,251.24556975734177,267.55382758391846,296.2664607164936,815.0658580577539
KE0650,143.65064305899165,143.52189666941604,140.42015038097887,427.5926901093866
KE0653,124.66444670696367,121.51357541291756,122.4673663907824,368.6453885106636
KE0544,147.98109132141772,147.08597523903146,149.76671758715395,444.8337841476031
KE0234,117.91668211518028,119.8147279128996,123.93358125344392,361.66499128152384
KE0483,179.21626311062136,181.2532108234426,184.0819722698497,544.5514462039137
KE0889,148.95921508046644,150.51178593517326,150.59763466657347,450.06863568221314
KE0737,104.39523635782322,100.55180570347846,99.59949537202321,304.5465374333249
KE0270,275.9862555870225,286.25402968211364,314.1923656831828,876.4326509523189
KE0400,263.14371642240343,269.82340376715814,296.34050112349536,829.3076213130569
KE0273,244.878118659595,257.71724939722924,283.75462798171003,786.3499960385343
KE0034,179.37876382583698,191.29107940676687,190.4996991197878,561.1695423523917
KE0811,178.1440177177008,189.9322066486651,202.1181192587498,570.1943436251156
KE0437,264.6063490605367,282.1350597345273,291.19780601234925,837.9392148074132
KE0968,151.19263285431495,145.71497761444178,150.60941293867606,447.5170234074328
KE0319,194.06888476517798,199.06744864847508,211.0687270862018,604.2050604998549
KE0455,301.8354580511425,331.1301633062726,356.53402099668335,989.4996423540985
KE0549,154.14591668602873,151.84202453893533,151.4871874621304,457.47512868709447
KE0312,158.50318127884069,162.04072698359076,173.72220546656894,494.2661137290004
KE0140,325.1648998830407,348.1707045394248,379.5814439267928,1052.9170483492583
KE0757,154.80837398797735,154.01463859467242,152.48717078884206,461.3101833714918
KE0267,316.2805793003524,352.7964762425784,389.78154178547976,1058.8585973284105
KE0717,134.31761378635355,122.85212732308717,114.75147209740358,371.9212132068443
KE0378,175.953523555751,174.12997128442197,178.37385444552544,528.4573492856985
KE0995,265.409801747993,284.59767695431935,309.40002949096913,859.4075081932815
KE0663,158.6642920976268,161.863840204429,167.28778725381173,487.8159195558676
KE0112,281.87986446922605,299.93970116121346,315.7377786485499,897.5573442789894
KE0206,294.77992817258377,306.0025435872792,323.60806234693086,924.3905341067939
KE0417,202.66765443925266,203.04656061603794,214.0493701877416,619.7635852430321
KE0066,262.9554107819323,273.98129685411783,290.66673621868256,827.6034438547327
KE0177,128.48594033307444,102.6512144619778,102.47861973625264,333.6157745313049
KE0408,308.6930455578981,336.58529580080125,362.8385468501775,1008.1168882088768
KE0736,333.08813004238203,353.42301293701246,384.9868733555452,1071.4980163349396
KE0944,195.81728494609877,191.06542258527887,193.9834048684027,580.8661123997803
KE0127,244.9117632310977,257.8364177555953,272.159287677812,774.907468664505
KE0637,149.12721828062436,160.8762307514707,172.7365451077077,482.7399941398028
KE0222,177.26181125142728,183.34523762291903,183.55421968177689,544.1612685561232
KE0113,218.13485782915097,221.48310357811053,234.30172960000323,673.9196910072648
KE0418,266.99209874451674,269.7586905807311,284.3254240535784,821.0762133788262
KE0320,105.60555028596792,91.07452468589862,75.2743726738345,271.95444764570107
KE0345,250.2547501654234,266.9489301632133,286.98070182780526,804.1843821564419
KE0301,261.57391202348845,264.67081332187644,283.82988840159965,810.0746137469646
KE0100,329.3591087602724,352.9500561779315,382.2586801493846,1064.5678450875885
KE0900,78.20388700867899,69.81085086975803,51.34245569625891,199.35719357469594
KE0233,153.13400166626946,142.0401485328579,136.3561963494338,431.5303465485611
KE0587,341.7566825887168,362.30637271101915,390.5001511682576,1094.5632064679935
KE0269,227.60264954157924,242.46660937637577,262.7956921272851,732.8649510452401
KE0407,314.0141306286171,330.00739531442525,359.3371126205864,1003.3586385636288
KE0942,163.4691129569492,177.00109530394494,176.26273488165708,516.7329431425512
KE0981,270.68828298282614,282.5787352857525,300.505297283421,853.7723155519996
KE0518,170.96453628206226,179.89789418184608,193.51797927947547,544.3804097433838
KE0513,157.1147571093013,161.5162622592355,157.46565657549772,476.0966759440346
KE0898,236.64522798067642,242.65438722947633,258.10769590770343,737.4073111178561
KE0903,297.1281551784025,303.80322006920824,326.72022453875365,927.6515997863644
KE0006,233.65910594119129,242.31724800192958,257.5722329194025,733.5485868625234
KE0423,339.5467012145397,375.6128976883911,411.2702392774438,1126.4298381803746
KE0398,225.6794828181173,228.31451972510004,239.94010809900328,693.9341106422206
KE0461,275.0374723226077,291.1224954779706,312.61610557441935,878.7760733749976
KE0671,163.91004304052655,169.7652913803882,176.1587238674625,509.83405828837726
KE0620,222.77972508317575,223.31129729478195,236.30496489279952,682.3959872707572
KE0834,211.5782703049385,225.3412909169439,248.78323951920663,685.702800741089
KE0624,222.2345050383125,230.45665049664723,249.6580615306617,702.3492170656215
KE0638,248.1886967903913,253.4288968299086,257.70752281606593,759.3251164363658
KE0296,245.04816885648484,264.887643233851,285.5695663414845,795.5053784318204
KE0045,277.580589326244,295.8366534903852,320.3583473132707,893.7755901298999
KE0532,246.18857196279484,268.10053470762944,279.54115213896335,793.8302588093877
KE0098,206.27942566199326,199.59882154133442,210.3127192659979,616.1909664693255
KE0643,353.7934911662707,382.7074492559677,417.8212555054417,1154.32219592768
KE0960,336.88211124845844,362.5024340592643,396.56036457044814,1095.9449098781708
KE0333,158.8686503575428,168.2465624139113,176.30130459261403,503.41651736406817
KE0119,110.80064072701752,102.8447860929883,92.15862924939584,305.80405606940167
KE0704,197.9185649835369,207.98372428094385,218.3832504963726,624.2855397608533
KE0255,200.05175587848214,208.7765846485292,219.6173979702508,628.4457384972621
KE0766,302.1305971202566,319.00661447761274,354.05212028751373,975.189331885383
KE0265,310.0967927800573,319.34257846677116,356.93850447447255,986.3778757213009
KE0184,211.15456464700935,204.61697568481597,216.31453575786736,632.0860760896927
KE0716,180.9547502437785,180.5740850855405,187.55421111153893,549.083046440858
KE0264,295.9650986220421,298.56215695369735,323.98040524210944,918.5076608178489
KE0689,289.18332750169844,311.1020469443197,327.9304338515106,928.2158082975286
KE0629,171.53574554468082,164.64544452157534,164.2348631105518,500.41605317680796
KE0409,358.9127981554176,365.06869635610303,401.6327807398356,1125.6142752513563
KE0688,200.78481316984903,200.97203786888974,216.68041639599792,618.4372674347367
KE0774,210.34662085625527,205.32894735129852,212.68498894453387,628.3605571520877
KE0434,227.0162941352855,248.01277331394118,260.58761428092987,735.6166817301565
KE0850,198.49198892008624,210.83478423518224,225.07720073596573,634.4039738912343
KE0654,305.7943345159599,315.910025282743,341.90427433190473,963.6086341306076
KE0684,196.8078913860081,202.19490410493657,202.36166292297492,601.3644584139196
KE0211,148.82544846260654,143.6623548489081,137.73012489946143,430.2179282109761
KE0884,265.1088298126351,280.11698396188416,310.9359624717734,856.1617762462927
KE0099,210.21330165548645,213.80816992720025,229.9259345890038,653.9474061716904
KE0794,290.19281535850325,299.39206250132884,321.1916559362483,910.7765337960805
KE0411,189.86645114230504,197.73347103306773,211.99304571775207,599.5929678931248
KE0274,218.86110076786576,226.62371127136223,244.62998956609482,690.1148016053228
KE0393,285.75327547662386,301.44269217358396,325.4997001982964,912.6956678485043
KE0611,189.52561302089617,181.87191396752135,184.36956638521352,555.767093373631
KE0569,183.31186132770785,180.8287353606138,186.36540916000928,550.5060058483309
KE0326,205.80314300394167,213.74407991416595,223.1792825432323,642.7265054613399
KE0928,202.07711310083684,206.85273719635612,206.60704438789816,615.536894685091
KE0387,216.9735334043936,227.4227641251879,242.03704401484197,686.4333415444235
KE0031,158.02534985203803,156.53274164602473,161.89843643601,476.45652793407277
KE0186,209.22720889250124,226.27576795408595,236.78781814766205,672.2907949942493
KE0426,236.46931270220028,244.6704733146828,268.27646608841366,749.4162521052967
KE0358,206.81391254236107,202.78137346464894,209.78182238334304,619.3771083903531
KE0918,233.55281713754866,230.9408122829666,246.72112162752282,711.2147510480381
KE0033,147.5068898831823,145.7521323270591,154.3795630659373,447.6385852761787
KE0606,201.40123581015,208.60756964940418,218.995457397524,629.0042628570782
KE0491,226.50530805594894,245.2148510872782,265.47689089360114,737.1970500368283
KE0655,244.73906369880046,252.74035709268094,266.54732562059263,764.0267464120741
KE0525,159.23607389672983,170.16548548651468,177.2463445203374,506.6479039035819
KE0310,160.43197282277572,160.83761071385553,168.27387345860555,489.54345699523674
KE0931,239.8724814823714,244.58887756322815,264.3731619347177,748.8345209803173
KE0628,186.23184153757413,201.07818777862235,214.78327944885518,602.0933087650517
KE0864,168.16671298348498,169.61075729795675,175.54057599305906,513.3180462745008
KE0241,223.01238465527842,235.0718351833923,254.94076817615044,713.0249880148211
KE0311,195.49775896328063,196.99363116727883,205.65347973943523,598.1448698699946
KE0092,170.90639472886286,171.68232914370347,194.19227221643425,536.7809960890006
KE0720,141.16934394382815,142.31895496638802,142.75566905271486,426.24396796293104
KE0600,205.20904179163776,215.7726227815288,225.27291386730678,646.2545784404733
KE0389,149.0315845602023,146.00079304266976,151.92263645859327,446.95501406146536
KE0013,136.8014222356098,127.17353085303785,119.17504604422447,383.14999913287215
KE0366,370.37333146359174,412.87834584122544,465.4786470069864,1248.7303243118035
KE0343,180.4601011802491,180.76402022352062,190.0208066336765,551.2449280374462
KE0051,220.91209752119187,227.1215126434923,229.7718330793408,677.805443244025
KE0657,389.4294903985253,430.11968148118785,482.0176213162964,1301.5667931960097
KE0281,225.86128797274873,232.1784616701804,251.4285038926926,709.4682535356217
KE0347,122.90375254118662,116.08701927715686,113.11910781050781,352.10987962885133
KE0488,252.68105454268982,262.69715072735534,285.36559098157676,800.7437962516219
KE0020,190.26979554968668,188.77006188824333,197.7567325736163,576.7965900115463
KE0088,349.20985905055426,375.13342404127764,403.0200428827578,1127.3633259745898
KE0469,404.29652269702893,452.763298699414,499.32995971004823,1356.3897811064912
KE0421,163.26005421651357,156.58356965568663,159.9445443157044,479.7881681879046
KE0163,208.91016018598012,209.56094023500373,220.3390666089591,638.8101670299429
KE0481,324.1562215669717,334.930068578625,365.6165583039697,1024.7028484495663
KE0529,194.08594781698565,200.67402659338006,214.33607925585486,609.0960536662205
KE0706,236.62220008365827,248.05042975357384,268.98358785853486,753.6562176957669
KE0771,252.94851875488675,276.041444787895,296.6867894401736,825.6767529829553
KE0467,185.9193938763936,193.00848457735555,195.10764084474388,574.035519298493
KE0607,163.4020565359978,165.23919118264368,167.11789023977357,495.75913795841507
KE0581,209.34796288932608,223.37198553644524,237.233482590895,669.9534310166664
KE0029,191.42534096584063,206.56226224328745,207.36800894319708,605.3556121523252
KE0024,261.2034274589814,280.15066355694114,308.5934052104068,849.9474962263293
KE0293,183.03432983817592,188.93681030553765,196.71156946716098,568.6827096108746
KE0801,167.89867448958216,168.3163002296559,167.75178275506735,503.9667574743054
KE0775,304.0163997530174,339.3113443736152,368.13039002536016,1011.4581341519928
KE0156,191.08317175737486,188.86840261833063,196.77976271679694,576.7313370925024
KE0094,166.31976914959475,169.3318720111735,176.31437485849398,511.9660160192622
KE0367,161.86268148477424,160.88382903898537,161.0694028775295,483.81591340128915
KE0071,161.9902811574571,164.70824994725362,152.92831621055558,479.6268473152663
KE0323,172.03693802342443,168.36155632014473,176.9266267359548,517.325121079524
KE0986,228.9258918102609,236.37129676675178,243.5507014848819,708.8478900618945
KE0919,159.5092721507298,160.03700461941955,163.3892981675178,482.9355749376672
KE0025,235.21892915092002,231.3259825197912,248.13982435122483,714.684736021936
KE0272,274.79996692519404,291.41259805092295,317.12241103673455,883.3349760128515
KE0856,185.85800771014442,182.046791421719,192.33936340666827,560.2441625385318
KE0514,119.20004241657753,100.19356081078314,91.31562565826106,310.7092288856217
KE0732,212.7386231921239,227.07392451108788,242.1395127159773,681.952060419189
KE0877,327.13850921612163,346.91769369904557,388.91289009128815,1062.9690930064553
KE0454,248.8519393676388,259.1629392767086,279.4797795906069,787.4946582349543
KE0420,265.8888443715261,289.6641729974123,315.5946144166881,871.1476317856266
KE0482,253.85400005713095,263.91933786186263,302.5202767752392,820.2936146942327
KE0237,143.89328993188735,146.86982292276684,145.7526213487341,436.5157342033883
KE0709,169.8725952262651,166.426506572071,176.07017740559743,512.3692792039335
KE0762,277.9638147991831,304.0062924135395,334.1626301508445,916.1327373635671
KE0192,271.11510073483623,289.3394490828146,316.8663273671408,877.3208771847916
KE0135,214.76112673784402,212.0342690088991,224.75849931249206,651.5538950592352
KE0275,222.6007255742663,217.67118283761727,223.61126143194318,663.8831698438267
KE0129,279.43765794324844,296.9798951379421,329.2397451324516,905.6572982136422
KE0605,361.3470245154457,395.64265967419766,444.39355521462494,1201.3832394042684
KE0511,207.4190855838992,207.63637025039947,215.5596546607517,630.6151104950503
KE0819,175.08863681484786,179.86406709297668,187.96710129400998,542.9198052018346
KE0318,117.43648817028256,120.18528720970838,119.48141881061824,357.1031941906092
KE0369,288.2002437601985,304.8221064942683,338.1779854363074,931.2003356907742
KE0215,162.79973127268005,160.74438248794172,163.92074060262127,487.46485436324303
KE0842,118.59508997379844,115.79438394217884,117.13412768903271,351.52360160500996
KE0083,358.7951762979493,386.39328823847603,434.25144897588103,1179.4399135123062
KE0635,108.73741342236804,103.53466233887754,99.37042165495694,311.6424974162025
KE0926,218.95561029129306,229.6687315136881,252.8192351448995,701.4435769498807
KE0395,237.08651849758724,233.26528990789276,235.90630589151252,706.2581142969925
KE0780,371.9345160912053,402.258544161958,451.3694801446088,1225.5625403977722
KE0371,192.56384805875004,193.98804309851081,203.0414263702946,589.5933175275554
KE0322,355.8008494910124,371.11987944174,406.9247069254616,1133.845435858214
KE0751,196.72937763911918,222.02129873738167,248.81970163791965,667.5703780144205
KE0686,242.69467519683985,255.94394367197322,280.4066246627449,779.045243531558
KE0342,127.57546716870856,129.49740201034348,138.91638614642162,395.98925532547366
KE0403,284.4688683123301,300.15885648923523,331.36832680292997,915.9960516044953
KE0536,196.5935929417379,197.805961728903,203.90324803440436,598.3028027050452
KE0087,295.8480992770932,318.9196812072458,357.7219553304654,972.4897358148044
KE0263,149.67164771685836,142.89725619255069,154.9023087155991,447.4712126250082
KE0348,178.13998649776352,180.348098036568,183.35962952161015,541.8477140559417
KE0631,282.79125491021625,300.65366524795286,329.2967976185165,912.7417177766856
KE0050,258.47391311016395,277.24919954091763,292.4478165492058,828.1709292002874
KE0806,200.79366033838588,197.7481207112341,206.0371864753715,604.5789675249915
KE0777,200.72540985888182,209.35062736657625,224.78372876979884,634.8597659952569
KE0680,227.91434972778256,218.75709026035497,235.2587566508072,681.9301966389447
KE0583,381.11994979066867,408.7172458345874,449.0776535330311,1238.914849158287
KE0742,278.6499032554435,294.1042938721929,321.42420713943727,894.1784042670737
KE0557,186.1094231754576,185.42768259763739,195.88060788385903,567.417713656954
KE0251,220.1753905858003,229.77709647983576,239.8078399682994,689.7603270339355
KE0733,163.0363158182342,162.36813104709356,171.42252386028625,496.82697072561393
KE0074,180.1206425370957,185.33640780781883,191.30741688568781,556.7644672306023
KE0537,186.80007190952128,194.96564890364462,215.16579373830837,596.9315145514743
KE0722,213.82071997193657,230.3888453793394,256.13968956071716,700.3492549119931
KE0111,201.03538759949924,218.6704613821806,233.25703197659737,652.9628809582773
KE0316,168.24693085078044,163.3265522817617,170.2637877859654,501.83727091850756
KE0509,402.0758025609539,450.9759934775356,499.46810685327864,1352.5199028917682
KE0282,250.30064987279758,266.1405461202657,292.4504136611946,808.8916096542579
KE0565,277.56743195993073,289.2721867435458,313.61570290578976,880.4553216092663
KE0570,178.4720638339246,183.89248262956605,188.8186699286377,551.1832163921283
KE0572,208.1513121103006,215.76146016094958,230.97796390279274,654.890736174043
KE0297,228.18053092980279,233.88547014496731,246.1295417189211,708.1955427936912
KE0003,261.54059537351566,279.5596785519937,303.66715413212773,844.7674280576371
KE0577,265.2150095884072,277.1963317740673,299.03969698538975,841.4510383478644
KE0240,253.98170282484097,261.3626734218701,279.77444843039586,795.118824677107
KE0881,231.24613106956372,237.85255594735486,244.19709220495892,713.2957792218775
KE0022,177.79505519094982,181.8037821222113,182.1532485607552,541.7520858739163
KE0164,204.41332521517495,214.58594108036326,235.3111634563758,654.310429751914
KE0203,227.25789553769962,242.3180547151922,263.76204843786377,733.3379986907556
KE0379,275.78026130302584,290.77292848993983,308.8541758377494,875.407365630715
KE0181,203.84014172541194,207.6290958923114,223.4335711012323,634.9028087189556
KE0196,132.84758999233364,109.87517968980303,101.49949835437654,344.22226803651324
KE0816,193.1620929607194,190.20027024013984,199.98851359466565,583.3508767955249
KE0392,249.9014384883116,260.56925446474895,280.0181331651047,790.4888261181652
KE0692,211.21649959684405,214.2804310504659,209.93635980514566,635.4332904524556
KE0093,269.9342266014826,285.3299183081523,305.2811048213721,860.545249731007
KE0026,336.6471248631645,378.3217114592834,415.55234991205873,1130.5211862345068
KE0784,207.74251341791665,214.47532787041794,228.09078985531832,650.308631143653
KE0375,360.479656005276,385.37542500572937,419.0229854470057,1164.878066458011
KE0728,293.7233515420703,321.55505067559807,345.8108725637771,961.0892747814455
KE0541,221.51200631358032,229.17163784407416,242.32670132612589,693.0103454837804
KE0285,176.2451193294745,174.60595958048728,186.5299556797616,537.3810345897234
KE0125,289.8856649705668,309.92401425829604,334.75798210286877,934.5676613317316
KE0764,155.21208991148538,153.2805391162226,161.20487282042788,469.69750184813586
KE0159,313.9871108461626,344.341015478653,373.47317614816984,1031.8013024729853
KE0123,486.3537599835765,524.9832996303883,576.4363605324429,1587.7734201464077
KE0953,261.9142945259194,277.1338828385287,292.2451304861549,831.293307850603
KE0959,183.21195718122877,190.35901422177517,193.09223647771722,566.6632078807211
KE0994,213.26593365273584,226.62722492171392,240.388068676324,680.2812272507738
KE0049,258.7674403928101,277.6247583181617,295.9555850174546,832.3477837284264
KE0551,175.80331691822508,173.43727841749333,184.8122173085746,534.052812644293
KE0621,280.8552102980154,303.22549021673046,336.0900892695227,920.1707897842684
KE0300,214.5832342720926,223.96463714786972,231.8578380892186,670.405709509181
KE0738,258.54959383661753,274.63778083178875,290.5740374062737,823.76141207468
KE0386,194.01974045725467,192.3641739201091,205.99081462200218,592.374728999366
KE0907,210.6255070312508,213.93224321066938,236.1393692641031,660.6971195060232
KE0870,302.28085136894407,317.75043115255494,339.19807828296393,959.2293608044629
KE0553,154.60164274541705,161.5974846308755,163.55126990901823,479.7503972853108
KE0384,275.83847798883977,290.37121964082195,319.9624047665811,886.1721023962427
KE0586,179.87237554758002,185.0192043753926,198.75211787640953,563.6436977993822
KE0390,189.24360360528846,197.47842918951167,201.57278889315586,588.2948216879561
KE0969,218.77775069675909,223.150127623091,242.28451056208266,684.2123888819327
KE0383,197.17636077804568,204.9286561874133,217.62845083222453,619.7334677976835
KE0262,261.6561937664081,281.89682964892097,306.71240488946523,850.2654283047943
KE0441,365.6677258521812,394.471867393038,415.75498549796487,1175.894578743184
KE0107,275.9550707618626,301.1234256533179,328.9150136932644,905.993510108445
KE0873,270.73967127325113,279.9205856214618,308.53612554194336,859.1963824366562
KE0980,239.34940206164046,252.32349030284675,265.8265688598047,757.499461224292
KE0933,164.994267700506,166.87336685496265,177.37268824060104,509.2403227960697
KE0360,133.72584084652402,133.93818827745542,140.79707007128715,408.46109919526657
KE0370,221.57106341176433,233.81249586904275,247.81779326568738,703.2013525464945
KE0365,297.41811885550067,320.19739942725766,350.6427237479084,968.2582420306667
KE0364,226.90459074202914,237.3458771999839,258.2233723421695,722.4738402841826
KE0825,183.01792589214278,186.3441004659089,195.61088838398413,564.9729147420359
KE0506,212.73025912294673,207.9451628577294,214.36179719107295,635.037219171749
KE0503,169.0370750177467,182.31577469620078,183.24157199324804,534.5944217071956
KE0954,141.86065452263114,141.77172719383051,144.86176155276232,428.49414326922397
KE0993,251.02328344295572,267.5393853283029,269.5254041715124,788.088072942771
KE0642,191.116979371367,204.0701591844255,217.16110522574593,612.3482437815385
KE0157,197.01903685808747,199.31247682968436,207.1985055828112,603.530019270583
KE0268,270.2917277739627,291.11517751774613,312.70799328372135,874.1148985754303
KE0038,241.10164609071342,258.93247155039467,279.9583636834613,779.9924813245693
KE0892,267.2816898434059,283.72450417997925,314.27360442290296,865.2797984462882
KE0836,317.48983037513915,346.0865411371389,380.63584561653283,1044.2122171288108
KE0424,181.55832144350174,189.46743780877244,202.70375133822841,573.7295105905025
KE0116,298.57567966997686,327.87453246638034,366.0429433849827,992.49315552134
KE0552,266.2644873713044,275.2345053571194,300.2148613088519,841.7138540372757
KE0373,81.0614801520377,73.12318222228619,63.71436502731761,217.8990274016415
KE0667,217.41428888787152,237.61427706249384,252.62017720990363,707.648743160269
KE0697,208.64642654592208,206.51082023124968,222.64835325492191,637.8056000320937
KE0176,207.38320979167324,218.98290611053383,226.256769217642,652.6228851198491
KE0872,264.1934864073441,259.88099532159765,279.08783828132135,803.1623200102631
KE0700,178.7913616471601,179.8310875229835,179.33202442561415,537.9544735957577
KE0456,175.96189958964462,175.31668210047164,177.11977714024292,528.3983588303591
KE0750,202.9746990738522,200.65457320682467,206.2847258791154,609.9139981597923
KE0374,95.6564678698674,88.79858221337929,91.60001649037201,276.0550665736187
KE0602,186.73774735364822,177.97710780912905,173.52340169556385,538.2382568583412
KE0992,246.19888921144346,253.68050612863178,266.6958388649281,766.5752342050033
KE0893,306.4436630760879,318.0124796236,348.0401703485833,972.4963130482712
KE0245,158.40767736516153,160.26221887987006,151.94231323988615,470.6122094849178
KE0734,223.69783093927202,242.08399888213353,257.1262191488451,722.9080489702507
KE0314,261.217432833616,271.1052538731472,306.4212359378102,838.7439226445733
KE0064,179.0959238510949,179.96752824320615,191.66435494935433,550.7278070436554
KE0891,271.14751040146115,284.44354007639964,304.4366670352373,860.0277175130981
KE0187,144.48200466760204,143.1497701117786,148.38617820039505,436.0179529797757
KE0304,127.5660757338057,113.48840651942972,113.59890761687852,354.6533898701139
KE0545,214.65716837738617,214.66391822281074,232.79758001149958,662.1186666116964
KE0396,255.671767874562,274.1266603503832,301.5246212621027,831.3230494870479
KE0594,242.01253774418691,245.078411306901,254.99878184295272,742.0897308940407
KE0355,184.64095378978826,193.4496610000368,197.17877238076534,575.2693871705903
KE0838,194.7843227311813,203.6419947532312,226.5942243488322,625.0205418332447
KE0404,258.7725888364682,274.7851444108399,304.506179452118,838.063912699426
KE0741,96.23986512589714,96.02693705156437,103.38980610533375,295.6566082827952
KE0168,214.1532784794209,213.57412327860905,215.33839227143054,643.0657940294604
KE0915,258.26173181550797,277.0851691588583,298.8836355755316,834.2305365498978
KE0773,197.43590706708088,203.3292327213283,216.8490391363514,617.6141789247606
KE0104,265.7330421196559,295.11806731517777,329.8572133512799,890.7083227861135
KE0036,194.55117471360478,191.71852166113453,203.1414465881259,589.4111429628651
KE0376,219.92210030788522,241.0713478474422,266.2898193104099,727.2832674657373
KE0990,229.42418606813618,236.7440125983606,239.45542155762902,705.6236202241258
KE0205,221.35018789193896,236.35090054902702,241.0346677497202,698.7357561906862
KE0798,247.000486137392,248.4363396224881,263.1573719288905,758.5941976887706
KE0860,350.5862957231653,371.12216106352804,410.72942346725637,1132.4378802539497
KE0961,256.8317535966703,267.0366851003342,277.2730679507215,801.1415066477259
KE0422,149.6158165960918,153.09661793608038,150.37514849015918,453.0875830223314
KE0526,309.4187641885407,313.18654012196987,343.19762511171473,965.8029294222252
KE0226,282.5463006995413,293.0731111936083,303.1806734826085,878.800085375758
KE0001,144.614507129607,152.04903257672729,148.93929020005123,445.6028299063855
KE0250,276.15561370669496,305.5016397887417,329.9838429391764,911.641096434613
KE0712,329.07063040405643,344.33194132799554,375.0942925340116,1048.4968642660635
KE0010,121.94115374378312,124.75270473204996,128.8559181829562,375.54977665878926
KE0763,219.39917941408874,228.09978285336626,241.2336094553835,688.7325717228384
KE0089,136.49118859172057,136.03577239061516,129.46776490161074,401.99472588394644
KE0225,214.1486136869549,222.15400585175652,230.20154955779756,666.5041690965089
KE0846,208.48537181216315,209.92114337601842,214.15226929117264,632.5587844793542
KE0070,262.8662244866183,279.51467024771705,299.37388381710764,841.754778551443
KE0459,313.64025980815046,338.42430367303217,376.14441625242597,1028.2089797336087
KE0905,206.4759938705927,215.36852532750768,233.58852209216388,655.4330412902643
KE0837,220.54886021451733,212.4044670760325,223.61871946272208,656.5720467532719
KE0591,125.71967468992362,133.43784713722712,129.77800519602553,388.9355270231763
KE0937,168.81871182174123,179.1222677332072,196.55957377966203,544.5005533346105
KE0963,213.59685342461373,241.6915763104822,253.1332458067113,708.4216755418072
KE0830,160.97828370771393,173.19981454285548,176.33898175682228,510.51708000739166
KE0295,128.73766735210233,123.7007000596545,123.71830791233157,376.1566753240884
KE0615,283.9591089670785,309.45011177051043,337.81797400348773,931.2271947410767
KE0765,130.72625409279794,138.4390022202126,142.4068101697942,411.57206648280476
KE0432,173.68144186373928,175.93309812510054,184.82289267882337,534.4374326676632
KE0616,100.18186664683735,94.89521028171974,89.00879870887552,284.0858756374326
KE0377,153.0015793893191,153.85231983296526,158.12945047433485,464.98334969661914
KE0802,269.51833653367476,288.0697846297273,312.16357395896387,869.751695122366
KE0788,233.02739815556208,235.57560940661054,250.7983482917972,719.4013558539698
KE0014,181.82921636329087,176.74724654177498,186.5588281545123,545.1352910595781
KE0875,187.17642506047335,188.7109886518772,212.15683369889575,588.0442474112463
KE0052,392.9681690936208,432.2823148592595,485.2867336576153,1310.5372176104956
KE0967,210.84471158321034,212.0559813017522,228.7830674611924,651.6837603461549
KE0604,357.9582781816243,405.04551213992085,458.20841773218604,1221.212208053731
KE0855,163.046860111637,159.9369903470587,167.07709841594033,490.060948874636
KE0043,325.738312717183,352.18882017056336,391.502262535698,1069.4293954234445
KE0916,161.47174079790292,157.54221332056866,165.16424067340498,484.17819479187654
KE0522,125.15412951326311,125.33232531278149,128.3263138790569,378.8127687051015
KE0626,243.0459184426481,239.76404409174333,251.2872440459116,734.097206580303
KE0538,321.77057422535523,342.82490152411026,377.4841491493714,1042.079624898837
KE0930,225.37710880383747,241.72244840653596,250.40829636533383,717.5078535757073
KE0448,235.35373311595893,246.81211940958968,267.5796104616742,749.7454629872228
KE0030,304.4414332114834,330.4354183897805,355.47375388528866,990.3506054865527
KE0416,143.81918310842065,131.24319946404293,144.45393779456225,419.5163203670258
KE0922,202.59158693473398,203.5887227386406,205.32866197997197,611.5089716533466
KE0457,249.96032293671988,272.1788541145994,306.2779260745665,828.4171031258858
KE0201,257.91930849023476,283.06228298037615,308.0076541075489,848.9892455781599
KE0254,170.69231663010297,170.43621894870626,173.55172071091474,514.680256289724
KE0890,160.6049520462369,160.6532495965693,166.19535754706737,487.45355918987354
KE0755,241.3061738753502,246.03555962629352,261.4622232408938,748.8039567425376
KE0787,238.7890618355986,255.90007629632632,268.02375902783666,762.7128971597615
KE0115,220.80866706483695,233.11715853596056,248.47529853977852,702.401124140576
KE0723,287.0380088311411,307.5344196988972,336.2579695856647,930.8303981157029
KE0582,209.0288450485849,217.08091740296408,235.28905447207592,661.398816923625
KE0249,274.56771123480445,283.8461711475881,318.8536278175534,877.267510199946
KE0682,302.6800883112912,325.23429096803426,348.3124933599013,976.2268726392267
KE0597,286.2280223671171,290.5093249284984,305.37408532154774,882.1114326171632
KE0330,139.12747314646938,124.1064017795324,123.51017422617781,386.7440491521796
KE0283,194.84910785263756,201.5937813999409,208.28575811535086,604.7286473679293
KE0731,327.96334563584145,363.7710226524412,403.1924009720249,1094.9267692603075
KE0072,213.95344725841682,222.6909721068034,233.6650944087404,670.3095137739606
KE0857,254.52063020385725,257.09801943045255,282.30186487640566,793.9205145107155
KE0566,291.97620060521143,312.45592964202353,346.0183774847849,950.4505077320198
KE0878,243.77594447103203,249.0121345063576,273.5531265945583,766.341205571948
KE0584,315.84788642413207,342.17007291080114,377.43170597548743,1035.4496653104206
KE0588,202.05425963730454,201.0898625339372,205.64963152389063,608.7937536951324
KE0493,184.60959381592158,185.28204618222424,188.6039256312422,558.495565629388
KE0080,158.29835757739647,158.69411955813374,165.49995313926084,482.492430274791
KE0136,242.30559090001373,252.47618240977908,264.2699282053098,759.0517015151026
KE0230,146.31323035645565,143.70414681378767,154.36366473635533,444.3810419065986
KE0909,180.65200474026335,172.17631672936312,179.33201157916136,532.1603330487878
KE0160,202.09288719146343,211.67240968111105,220.34163290660152,634.106929779176
KE0444,196.24388702218928,198.93227342727693,208.7214275881168,603.8975880375831
KE0936,280.4502892555978,297.6345657307164,324.80436695912454,902.8892219454387
KE0952,259.1631091640559,264.92004749188516,287.15478887090154,811.2379455268426
KE0144,191.99625041888552,197.11018232570154,213.45576165256662,602.5621943971537
KE0683,247.2154836770429,255.43016306261043,279.73924625635385,782.3848929960072
KE0534,174.7976172330023,175.99819134475695,182.59604974359908,533.3918583213583
KE0641,173.8359153292635,186.76471639092696,186.6961986352598,547.2968303554503
KE0512,333.6707371771757,363.8874984187762,396.9482317357244,1094.5064673316763
KE0865,131.82116262168924,122.67446612220856,127.28362075023942,381.7792494941372
KE0979,256.0255099803111,267.5733978948283,285.24271178173893,808.8416196568783
KE0276,174.16972521544403,168.03941660700056,164.80661287529765,507.0157546977423
KE0687,175.5631386366579,180.38561462046934,188.62825714953325,544.5770104066605
KE0415,113.69695060682179,94.70036518311953,85.52311695753492,293.92043274747624
KE0739,208.39572976563682,210.8514193864562,211.38334300917253,630.6304921612656
KE0708,255.91689186862345,276.69598408875504,298.1673214611299,830.7801974185084
KE0207,135.55764241702164,134.21969845224854,133.84104770914965,403.61838857841985
KE0567,191.92961425635514,190.49170466165975,192.78752568049413,575.208844598509
KE0677,298.21669687601286,317.20328969208305,339.33959075272776,954.7595773208237
KE0670,119.67636570428263,103.58177537364136,97.30008744251883,320.5582285204428
KE0530,381.44526130791047,410.5648364457445,447.14563903572645,1239.1557367893813
KE0246,324.57546804468063,353.1324985121166,377.3585192472963,1055.0664858040936
KE0289,272.5588919629838,306.24054022127234,333.96286075587824,912.7622929401343
KE0672,329.4518203667206,360.7626337457118,388.6604486403636,1078.874902752796
KE0964,199.72676052898356,210.87186855389749,228.98453771731093,639.583166800192
KE0744,258.2238419233181,271.1034732550292,293.31394177213605,822.6412569504835
KE0431,141.0011931500852,136.15335770456474,141.64193552706809,418.796486381718
KE0826,250.381975287676,267.76333203136954,287.3713483921062,805.5166557111518
KE0735,246.7014455238654,258.8500311947583,281.9279565455227,787.4794332641463
KE0260,252.40563614820513,260.50476547949006,283.01744083598476,795.9278424636799
KE0691,129.3213596455822,124.49184100530245,119.79049941704952,373.60370006793414
KE0894,174.99668588981524,181.77057671570924,194.9189925589251,551.6862551644496
KE0145,199.73478777968924,205.54312691043765,217.54480485455227,622.8227195446791
KE0118,236.2494901460347,243.45116950115946,260.65445132230985,740.355110969504
KE0474,191.09392122662132,188.25358963750935,196.94131317939843,576.2888240435291
KE0189,244.44955657986893,259.2298515582907,284.7735735739444,788.452981712104
KE0972,186.31703961135076,189.77240214111308,200.58219771331423,576.6716394657781
KE0685,249.20215503815115,255.1826071752712,280.2230962249497,784.607858438372
KE0096,188.62028513150776,199.4445740532103,207.17838715512414,595.2432463398422
KE0841,133.50571713519315,136.5610542768935,138.6971995205053,408.7639709325919
KE0307,142.06711824094234,142.54963535342594,146.44825177134405,431.0650053657123
KE0306,225.60523211888645,225.63679688903628,242.78709271408067,694.0291217220034
KE0337,368.5248977212117,404.2614619993281,432.5452589637734,1205.3316186843133
KE0153,223.84776006878153,207.38787532648968,214.77127800277134,646.0069133980426
KE0648,140.9676827335378,137.74548201857914,142.63897902387254,421.3521437759895
KE0579,156.35751064659695,151.7958071897774,156.74602313911842,464.8993409754928
KE0923,246.63041704404236,263.04568882784577,283.9357278054552,793.6118336773434
KE0413,253.18853298707282,259.93223182173415,263.1499438083276,776.2707086171345
KE0508,295.58234872594,302.2074813296042,330.6829486559566,928.4727787115007
KE0368,163.9717630818895,168.8347929010982,179.28073390385157,512.0872898868392
KE0906,234.27488835946386,239.39217934136792,259.4370317365104,733.1040994373423
KE0238,301.8816327282934,319.509704049908,352.97766222656617,974.3689990047676
KE0182,132.10421755161144,135.42087912482063,137.03725581453088,404.562352490963
KE0324,313.16376670222945,333.9737392643974,357.2983767825356,1004.4358827491624
KE0711,413.89058197699364,442.83567784766745,510.7473335538649,1367.473593378526
KE0309,200.9791312380385,202.30603018525275,212.52306791639765,615.8082293396889
KE0779,261.09948045603716,283.3069176664157,325.7007024199559,870.1071005424087
KE0485,269.73512827202524,301.49988010773563,333.7512581427436,904.9862665225045
KE0005,256.46854098090296,265.4374927060636,278.0346273058239,799.9406609927905
KE0510,195.85428927802437,197.56636848326147,203.5964949765269,597.0171527378127
KE0574,269.2270294617935,295.20873083622587,316.24648893151004,880.6822492295295
KE0261,233.1255143124154,242.34114472282505,266.9415605223975,742.408219557638
KE0200,297.87073710057183,321.0867062360547,356.2388187443276,975.196262080954
KE0185,286.6176624017088,293.5636155497709,313.53710197173575,893.7183799232154
KE0943,210.96715508169402,213.6978614802653,227.384452156044,652.0494687180033
KE0499,175.2075194168663,184.6661569265905,197.60083419651068,557.4745105399675
KE0800,191.62613601184776,201.42966693539938,210.60241955285247,603.6582225000996
KE0462,226.33877165681034,234.1259228502378,250.0340626304411,710.4987571374893
